plot_id,latitude,longitude,biomass_per_ha,canopy_height,ndvi_mean,sar_vv,sar_vh
ORNL_001,35.930248,-84.270109,224.599793456021,25.4,0.7377377377377378,-9.355001279570356,-14.391521540821175
ORNL_002,35.982199,-84.212753,175.387354067234,25.9,0.8577140953015662,-7.432823198984374,-13.156969331789286
ORNL_003,35.965875,-84.230646,147.034564783377,29.7,0.8226520242583183,-8.292606133592242,-13.950266793214938
ORNL_004,35.907944,-84.275214,251.557368469892,29.0,0.83867341202923,-6.690141757798157,-13.262842376689509
ORNL_006,35.938227,-84.32368,169.533127090484,28.2,0.8335766423357664,-7.5020490212855595,-13.235417494157018
ORNL_007,35.925371,-84.329755,170.820782599145,30.4,0.7671068427370948,-9.9234493480481,-14.411143971550032
ORNL_008,35.93276,-84.332543,163.681197040429,27.8,0.7888631090487239,-7.965442674988099,-14.352669115609427
ORNL_009,35.974464,-84.227994,272.587563673238,24.0,0.7548017981201471,-4.063963300482735,-11.104589983895096
ORNL_010,35.953307,-84.332168,231.031345230331,25.2,0.7223778400248988,-8.351886178606929,-13.56211432219992
ORNL_012,35.953019,-84.248359,308.691471476091,32.5,0.8518619934282585,-10.482554126158519,-15.773350001106458
ORNL_014,35.939979,-84.305649,172.292187727967,28.3,0.8434782608695652,-7.752958062388762,-13.919366819798224
ORNL_027,35.916313,-84.263286,109.395016679737,18.8,0.798259317116715,-10.671325870770374,-15.713109686473906
ORNL_029,35.95765,-84.261843,90.6610581580517,15.0,0.7506621263715475,-7.160890890145344,-12.97484051545593
ORNL_032,35.944516,-84.326492,178.996284773218,21.1,0.7603174603174603,-11.077882535489842,-15.778631479705176
ORNL_033,35.96172,-84.2268,93.6943591275199,15.7,0.7655236329935126,-8.82104737002765,-13.689514483580606
ORNL_035,35.974774,-84.350392,102.454075260312,18.1,0.7903780068728522,-10.116486638017113,-15.629607384540865
ORNL_036,35.965429,-84.28419,215.59228544249,37.7,0.854006968641115,-10.291087509807028,-16.06220635551262
ORNL_036,35.965429,-84.28419,554.203489435556,38.1,0.854006968641115,-10.291087509807028,-16.06220635551262
ORNL_036,35.965429,-84.28419,208.46785778319,37.5,0.854006968641115,-10.291087509807028,-16.06220635551262
ORNL_036,35.965429,-84.28419,508.204909933784,37.5,0.854006968641115,-10.291087509807028,-16.06220635551262
ORNL_036,35.965429,-84.28419,216.255596048686,37.5,0.854006968641115,-10.291087509807028,-16.06220635551262
ORNL_036,35.965429,-84.28419,577.790036342811,38.4,0.854006968641115,-10.291087509807028,-16.06220635551262
ORNL_037,35.963215,-84.281617,244.541585563406,28.3,0.8472167390446111,-10.06231328042926,-15.622300405198065
ORNL_037,35.963215,-84.281617,176.967205181701,28.6,0.8472167390446111,-10.06231328042926,-15.622300405198065
ORNL_037,35.963215,-84.281617,239.165838593942,28.1,0.8472167390446111,-10.06231328042926,-15.622300405198065
ORNL_037,35.963215,-84.281617,172.197264268604,29.4,0.8472167390446111,-10.06231328042926,-15.622300405198065
ORNL_037,35.963215,-84.281617,254.72668565803,29.2,0.8472167390446111,-10.06231328042926,-15.622300405198065
ORNL_037,35.963215,-84.281617,182.89936644379,28.6,0.8472167390446111,-10.06231328042926,-15.622300405198065
ORNL_043,35.963926,-84.287233,177.939284963269,29.1,0.8472630959387876,-6.232384986717894,-12.800273141143359
ORNL_043,35.963926,-84.287233,464.614374136254,30.7,0.8472630959387876,-6.232384986717894,-12.800273141143359
ORNL_043,35.963926,-84.287233,173.415086063151,28.9,0.8472630959387876,-6.232384986717894,-12.800273141143359
ORNL_043,35.963926,-84.287233,448.234739936159,30.2,0.8472630959387876,-6.232384986717894,-12.800273141143359
ORNL_043,35.963926,-84.287233,174.795068858366,29.5,0.8472630959387876,-6.232384986717894,-12.800273141143359
ORNL_043,35.963926,-84.287233,481.012588128125,31.2,0.8472630959387876,-6.232384986717894,-12.800273141143359
ORNL_045,35.966285,-84.283823,228.973389065265,28.4,0.8653930933137399,-6.223827231963877,-12.414366587665203
ORNL_045,35.966285,-84.283823,278.280357985925,29.8,0.8653930933137399,-6.223827231963877,-12.414366587665203
ORNL_045,35.966285,-84.283823,225.960615824879,28.9,0.8653930933137399,-6.223827231963877,-12.414366587665203
ORNL_045,35.966285,-84.283823,276.62509133312,30.3,0.8653930933137399,-6.223827231963877,-12.414366587665203
ORNL_045,35.966285,-84.283823,232.741186662616,29.4,0.8653930933137399,-6.223827231963877,-12.414366587665203
ORNL_045,35.966285,-84.283823,281.571540040588,30.2,0.8653930933137399,-6.223827231963877,-12.414366587665203
ORNL_046,35.964418,-84.285882,199.065509642257,30.3,0.8536374133949192,-7.985754999330162,-14.710377533753313
ORNL_046,35.964418,-84.285882,334.971235176279,31.7,0.8536374133949192,-7.985754999330162,-14.710377533753313
ORNL_046,35.964418,-84.285882,192.270194599511,28.4,0.8536374133949192,-7.985754999330162,-14.710377533753313
ORNL_046,35.964418,-84.285882,360.676698322709,30.9,0.8536374133949192,-7.985754999330162,-14.710377533753313
ORNL_046,35.964418,-84.285882,205.302612195385,28.6,0.8536374133949192,-7.985754999330162,-14.710377533753313
ORNL_046,35.964418,-84.285882,329.473766232697,30.8,0.8536374133949192,-7.985754999330162,-14.710377533753313
ORNL_049,35.964792,-84.278894,155.283594138669,30.2,0.84620273276136,-10.736870457932358,-16.142581978082443
ORNL_049,35.964792,-84.278894,168.971538866726,30.3,0.84620273276136,-10.736870457932358,-16.142581978082443
ORNL_049,35.964792,-84.278894,152.813432460907,29.9,0.84620273276136,-10.736870457932358,-16.142581978082443
ORNL_049,35.964792,-84.278894,169.579392732346,31.9,0.84620273276136,-10.736870457932358,-16.142581978082443
ORNL_050,35.967556,-84.282109,262.409626747985,31.6,0.8515273775216138,-8.081206984565782,-13.846473005568107
ORNL_050,35.967556,-84.282109,251.106502277418,36.5,0.8515273775216138,-8.081206984565782,-13.846473005568107
ORNL_050,35.967556,-84.282109,231.656559590653,31.3,0.8515273775216138,-8.081206984565782,-13.846473005568107
ORNL_050,35.967556,-84.282109,250.707538399474,33.8,0.8515273775216138,-8.081206984565782,-13.846473005568107
ORNL_051,35.962469,-84.283958,259.515512504301,32.3,0.8412037778133504,-10.499422632829873,-16.68250947517294
ORNL_051,35.962469,-84.283958,222.245578349511,28.9,0.8412037778133504,-10.499422632829873,-16.68250947517294
ORNL_051,35.962469,-84.283958,255.552835235997,33.4,0.8412037778133504,-10.499422632829873,-16.68250947517294
ORNL_051,35.962469,-84.283958,216.461127715073,28.0,0.8412037778133504,-10.499422632829873,-16.68250947517294
ORNL_052,35.962389,-84.279989,24.8594692768084,17.0,0.8738224379103625,-6.848401236503102,-12.620398099183719
ORNL_052,35.962389,-84.279989,257.26968878999,29.3,0.8738224379103625,-6.848401236503102,-12.620398099183719
ORNL_052,35.962389,-84.279989,16.8139863558268,16.9,0.8738224379103625,-6.848401236503102,-12.620398099183719
ORNL_052,35.962389,-84.279989,304.177033023916,29.1,0.8738224379103625,-6.848401236503102,-12.620398099183719
ORNL_053,35.965252,-84.286859,287.907011969756,31.3,0.8401745533887904,-6.42027205373782,-11.979544297043422
ORNL_053,35.965252,-84.286859,415.227628982163,32.6,0.8401745533887904,-6.42027205373782,-11.979544297043422
ORNL_053,35.965252,-84.286859,270.342134460854,30.9,0.8401745533887904,-6.42027205373782,-11.979544297043422
ORNL_053,35.965252,-84.286859,395.781745015504,32.1,0.8401745533887904,-6.42027205373782,-11.979544297043422
ORNL_054,35.967045,-84.283124,310.998840213964,34.3,0.8558917197452229,-7.787477878560679,-12.729836978691726
ORNL_054,35.967045,-84.283124,248.849895041711,30.8,0.8558917197452229,-7.787477878560679,-12.729836978691726
ORNL_054,35.967045,-84.283124,298.595859805777,34.1,0.8558917197452229,-7.787477878560679,-12.729836978691726
ORNL_054,35.967045,-84.283124,241.321660287378,31.3,0.8558917197452229,-7.787477878560679,-12.729836978691726
ORNL_055,35.9608,-84.282663,260.697728761927,37.1,0.838650680755944,-9.031900218936176,-15.385087182984003
ORNL_055,35.9608,-84.282663,133.613611711753,38.8,0.838650680755944,-9.031900218936176,-15.385087182984003
ORNL_055,35.9608,-84.282663,292.42867058208,38.4,0.838650680755944,-9.031900218936176,-15.385087182984003
ORNL_055,35.9608,-84.282663,140.30230722627,40.3,0.838650680755944,-9.031900218936176,-15.385087182984003
ORNL_056,35.962157,-84.281616,232.065675472472,30.6,0.8525027459595167,-9.43215483768222,-15.12879964275406
ORNL_056,35.962157,-84.281616,186.157716799517,34.4,0.8525027459595167,-9.43215483768222,-15.12879964275406
ORNL_056,35.962157,-84.281616,227.328700502307,29.9,0.8525027459595167,-9.43215483768222,-15.12879964275406
ORNL_056,35.962157,-84.281616,185.635388877631,36.0,0.8525027459595167,-9.43215483768222,-15.12879964275406
ORNL_057,35.964836,-84.280231,211.689574406872,28.0,0.8851039260969977,-8.850076084573224,-14.96087615495577
ORNL_057,35.964836,-84.280231,312.00865538051,29.1,0.8851039260969977,-8.850076084573224,-14.96087615495577
ORNL_057,35.964836,-84.280231,238.435979649827,29.6,0.8851039260969977,-8.850076084573224,-14.96087615495577
ORNL_057,35.964836,-84.280231,348.738153806552,28.9,0.8851039260969977,-8.850076084573224,-14.96087615495577
ORNL_058,35.963319,-84.285921,185.353815547576,30.5,0.8834248961543615,-7.113021468929791,-12.916086025634215
ORNL_058,35.963319,-84.285921,178.06653108905,32.4,0.8834248961543615,-7.113021468929791,-12.916086025634215
ORNL_058,35.963319,-84.285921,180.196851100794,28.2,0.8834248961543615,-7.113021468929791,-12.916086025634215
ORNL_058,35.963319,-84.285921,220.421089146731,32.5,0.8834248961543615,-7.113021468929791,-12.916086025634215
ORNL_059,35.966015,-84.285478,360.636030349963,31.8,0.8413124533929903,-7.616196204368801,-13.005461911643222
ORNL_059,35.966015,-84.285478,102.618227250578,23.4,0.8413124533929903,-7.616196204368801,-13.005461911643222
ORNL_059,35.966015,-84.285478,348.96719358109,32.1,0.8413124533929903,-7.616196204368801,-13.005461911643222
ORNL_059,35.966015,-84.285478,119.624814448898,23.8,0.8413124533929903,-7.616196204368801,-13.005461911643222
ORNL_060,35.962796,-84.286937,387.952462557534,35.2,0.8702239789196311,-9.015943888750117,-15.20547225063356
ORNL_060,35.962796,-84.286937,283.393510833886,29.8,0.8702239789196311,-9.015943888750117,-15.20547225063356
ORNL_060,35.962796,-84.286937,338.144760592745,34.7,0.8702239789196311,-9.015943888750117,-15.20547225063356
ORNL_060,35.962796,-84.286937,275.838216671713,30.5,0.8702239789196311,-9.015943888750117,-15.20547225063356
ORNL_061,35.964411,-84.284569,141.492821464319,23.8,0.8296508686119076,-8.29278303402918,-13.973084153221535
ORNL_061,35.964411,-84.284569,250.037200218829,39.5,0.8296508686119076,-8.29278303402918,-13.973084153221535
ORNL_061,35.964411,-84.284569,133.34882855414,27.9,0.8296508686119076,-8.29278303402918,-13.973084153221535
ORNL_061,35.964411,-84.284569,255.967606192867,26.3,0.8296508686119076,-8.29278303402918,-13.973084153221535
ORNL_062,35.960748,-84.280011,266.541374503008,26.1,0.8465481339099792,-5.327900148196302,-12.013054293990525
ORNL_062,35.960748,-84.280011,272.945033746491,26.2,0.8465481339099792,-5.327900148196302,-12.013054293990525
ORNL_062,35.960748,-84.280011,252.588214758726,25.8,0.8465481339099792,-5.327900148196302,-12.013054293990525
ORNL_062,35.960748,-84.280011,276.746552477142,26.3,0.8465481339099792,-5.327900148196302,-12.013054293990525
ORNL_063,35.965319,-84.277896,319.618285437793,34.1,0.8005833029529712,-9.313392183719483,-14.811487444147108
ORNL_063,35.965319,-84.277896,173.08721739419,32.6,0.8005833029529712,-9.313392183719483,-14.811487444147108
ORNL_063,35.965319,-84.277896,310.841425263169,33.4,0.8005833029529712,-9.313392183719483,-14.811487444147108
ORNL_063,35.965319,-84.277896,186.444605522947,32.7,0.8005833029529712,-9.313392183719483,-14.811487444147108
